{
  "project_info": {
    "project_number": "1085915303242",
    "firebase_url": "https://pedometer-application.firebaseio.com",
    "project_id": "pedometer-application",
    "storage_bucket": "pedometer-application.appspot.com"
  },
  "client": [
    {
      "client_info": {
        "mobilesdk_app_id": "1:1085915303242:android:f968a6f317063679",
        "android_client_info": {
          "package_name": "com.pedometerapp"
        }
      },
      "oauth_client": [
        {
          "client_id": "1085915303242-a1ccbtd2im0fsgt08ks5rb783rkm7ni8.apps.googleusercontent.com",
          "client_type": 3
        }
      ],
      "api_key": [
        {
          "current_key": "AIzaSyCvbrZ7QfJmqYmalw1NwuUmv8Hl8mcsdtg"
        }
      ],
      "services": {
        "appinvite_service": {
          "other_platform_oauth_client": [
            {
              "client_id": "1085915303242-a1ccbtd2im0fsgt08ks5rb783rkm7ni8.apps.googleusercontent.com",
              "client_type": 3
            }
          ]
        }
      }
    }
  ],
  "configuration_version": "1"
}